[
    {
        "createdAt": "2023-06-03T06:32:33.185123",
        "links": [
            {
                "rel": "self",
                "href": "http://localhost:8008/api/applications/1"
            },
            {
                "rel": "job",
                "href": "http://localhost:8008/api/jobs/1"
            },
            {
                "rel": "candidate",
                "href": "http://localhost:8008/api/candidates/1"
            },
            {
                "rel": "recruiter",
                "href": "http://localhost:8008/api/recruiters/1"
            }
        ]
    },
    {
        "createdAt": "2023-06-03T06:32:33.185287",
        "links": [
            {
                "rel": "self",
                "href": "http://localhost:8008/api/applications/2"
            },
            {
                "rel": "job",
                "href": "http://localhost:8008/api/jobs/2"
            },
            {
                "rel": "candidate",
                "href": "http://localhost:8008/api/candidates/2"
            },
            {
                "rel": "recruiter",
                "href": "http://localhost:8008/api/recruiters/2"
            }
        ]
    },
    {
        "createdAt": "2023-06-03T06:32:33.185412",
        "links": [
            {
                "rel": "self",
                "href": "http://localhost:8008/api/applications/3"
            },
            {
                "rel": "job",
                "href": "http://localhost:8008/api/jobs/2"
            },
            {
                "rel": "candidate",
                "href": "http://localhost:8008/api/candidates/3"
            },
            {
                "rel": "recruiter",
                "href": "http://localhost:8008/api/recruiters/2"
            }
        ]
    },
    {
        "createdAt": "2023-06-03T06:32:33.186066",
        "links": [
            {
                "rel": "self",
                "href": "http://localhost:8008/api/applications/8"
            },
            {
                "rel": "job",
                "href": "http://localhost:8008/api/jobs/2"
            },
            {
                "rel": "candidate",
                "href": "http://localhost:8008/api/candidates/4"
            },
            {
                "rel": "recruiter",
                "href": "http://localhost:8008/api/recruiters/2"
            }
        ]
    }
]

